Glucose Data,Generated on,10-06-2026 06:12,Generated by,sample,
Device,Serial Number,Device Timestamp,Record Type,Historic Glucose mg/dL,Scan Glucose mg/dL,Non-numeric Rapid-Acting Insulin,Rapid-Acting Insulin (units),Non-numeric Food,Carbohydrates (grams),Carbohydrates (servings),Non-numeric Long-Acting Insulin,Long-Acting Insulin Value (units),Notes,Strip Glucose mg/dL,Ketone mmol/L,Meal Insulin (units),Correction Insulin (units),User Change Insulin (units)
FreeStyle LibreLink,1B3C5D7E-2A4F-4C11-9E02-77A1D3F0B8C6,10-03-2026 00:00,0,87,,,,,,,,,,,,,,
FreeStyle LibreLink,1B3C5D7E-2A4F-4C11-9E02-77A1D3F0B8C6,10-03-2026 00:15,0,89,,,,,,,,,,,,,,
FreeStyle LibreLink,1B3C5D7E-2A4F-4C11-9E02-77A1D3F0B8C6,10-03-2026 00:30,0,91,,,,,,,,,,,,,,
FreeStyle LibreLink,1B3C5D7E-2A4F-4C11-9E02-77A1D3F0B8C6,10-03-2026 00:45,0,90,,,,,,,,,,,,,,
FreeStyle LibreLink,1B3C5D7E-2A4F-4C11-9E02-77A1D3F0B8C6,10-03-2026 01:00,0,88,,,,,,,,,,,,,,
FreeStyle LibreLink,1B3C5D7E-2A4F-4C11-9E02-77A1D3F0B8C6,10-03-2026 01:15,0,89,,,,,,,,,,,,,,
FreeStyle LibreLink,1B3C5D7E-2A4F-4C11-9E02-77A1D3F0B8C6,10-03-2026 01:30,0,90,,,,,,,,,,,,,,
FreeStyle LibreLink,1B3C5D7E-2A4F-4C11-9E02-77A1D3F0B8C6,10-03-2026 01:45,0,92,,,,,,,,,,,,,,
FreeStyle LibreLink,1B3C5D7E-2A4F-4C11-9E02-77A1D3F0B8C6,10-03-2026 02:00,0,90,,,,,,,,,,,,,,
FreeStyle LibreLink,1B3C5D7E-2A4F-4C11-9E02-77A1D3F0B8C6,10-03-2026 02:15,0,89,,,,,,,,,,,,,,
FreeStyle LibreLink,1B3C5D7E-2A4F-4C11-9E02-77A1D3F0B8C6,10-03-2026 02:30,0,91,,,,,,,,,,,,,,
FreeStyle LibreLink,1B3C5D7E-2A4F-4C11-9E02-77A1D3F0B8C6,10-03-2026 02:45,0,93,,,,,,,,,,,,,,
FreeStyle LibreLink,1B3C5D7E-2A4F-4C11-9E02-77A1D3F0B8C6,10-03-2026 03:00,0,95,,,,,,,,,,,,,,
FreeStyle LibreLink,1B3C5D7E-2A4F-4C11-9E02-77A1D3F0B8C6,10-03-2026 03:15,0,96,,,,,,,,,,,,,,
FreeStyle LibreLink,1B3C5D7E-2A4F-4C11-9E02-77A1D3F0B8C6,10-03-2026 03:30,0,95,,,,,,,,,,,,,,
FreeStyle LibreLink,1B3C5D7E-2A4F-4C11-9E02-77A1D3F0B8C6,10-03-2026 03:45,0,94,,,,,,,,,,,,,,
FreeStyle LibreLink,1B3C5D7E-2A4F-4C11-9E02-77A1D3F0B8C6,10-03-2026 04:00,0,99,,,,,,,,,,,,,,
FreeStyle LibreLink,1B3C5D7E-2A4F-4C11-9E02-77A1D3F0B8C6,10-03-2026 04:15,0,97,,,,,,,,,,,,,,
FreeStyle LibreLink,1B3C5D7E-2A4F-4C11-9E02-77A1D3F0B8C6,10-03-2026 04:30,0,95,,,,,,,,,,,,,,
FreeStyle LibreLink,1B3C5D7E-2A4F-4C11-9E02-77A1D3F0B8C6,10-03-2026 04:45,0,94,,,,,,,,,,,,,,
FreeStyle LibreLink,1B3C5D7E-2A4F-4C11-9E02-77A1D3F0B8C6,10-03-2026 05:00,0,95,,,,,,,,,,,,,,
FreeStyle LibreLink,1B3C5D7E-2A4F-4C11-9E02-77A1D3F0B8C6,10-03-2026 05:15,0,96,,,,,,,,,,,,,,
FreeStyle LibreLink,1B3C5D7E-2A4F-4C11-9E02-77A1D3F0B8C6,10-03-2026 05:30,0,96,,,,,,,,,,,,,,
FreeStyle LibreLink,1B3C5D7E-2A4F-4C11-9E02-77A1D3F0B8C6,10-03-2026 05:45,0,97,,,,,,,,,,,,,,
FreeStyle LibreLink,1B3C5D7E-2A4F-4C11-9E02-77A1D3F0B8C6,10-03-2026 06:00,0,98,,,,,,,,,,,,,,
FreeStyle LibreLink,1B3C5D7E-2A4F-4C11-9E02-77A1D3F0B8C6,10-03-2026 06:15,0,99,,,,,,,,,,,,,,
FreeStyle LibreLink,1B3C5D7E-2A4F-4C11-9E02-77A1D3F0B8C6,10-03-2026 06:30,0,101,,,,,,,,,,,,,,
FreeStyle LibreLink,1B3C5D7E-2A4F-4C11-9E02-77A1D3F0B8C6,10-03-2026 06:45,0,101,,,,,,,,,,,,,,
FreeStyle LibreLink,1B3C5D7E-2A4F-4C11-9E02-77A1D3F0B8C6,10-03-2026 07:00,0,98,,,,,,,,,,,,,,
FreeStyle LibreLink,1B3C5D7E-2A4F-4C11-9E02-77A1D3F0B8C6,10-03-2026 07:15,0,100,,,,,,,,,,,,,,
FreeStyle LibreLink,1B3C5D7E-2A4F-4C11-9E02-77A1D3F0B8C6,10-03-2026 07:30,0,98,,,,,,,,,,,,,,
FreeStyle LibreLink,1B3C5D7E-2A4F-4C11-9E02-77A1D3F0B8C6,10-03-2026 07:45,0,113,,,,,,,,,,,,,,
FreeStyle LibreLink,1B3C5D7E-2A4F-4C11-9E02-77A1D3F0B8C6,10-03-2026 08:00,0,128,,,,,,,,,,,,,,
FreeStyle LibreLink,1B3C5D7E-2A4F-4C11-9E02-77A1D3F0B8C6,10-03-2026 08:15,0,137,,,,,,,,,,,,,,
FreeStyle LibreLink,1B3C5D7E-2A4F-4C11-9E02-77A1D3F0B8C6,10-03-2026 08:30,0,136,,,,,,,,,,,,,,
FreeStyle LibreLink,1B3C5D7E-2A4F-4C11-9E02-77A1D3F0B8C6,10-03-2026 08:45,0,132,,,,,,,,,,,,,,
FreeStyle LibreLink,1B3C5D7E-2A4F-4C11-9E02-77A1D3F0B8C6,10-03-2026 09:00,0,132,,,,,,,,,,,,,,
FreeStyle LibreLink,1B3C5D7E-2A4F-4C11-9E02-77A1D3F0B8C6,10-03-2026 09:15,0,124,,,,,,,,,,,,,,
FreeStyle LibreLink,1B3C5D7E-2A4F-4C11-9E02-77A1D3F0B8C6,10-03-2026 09:30,0,119,,,,,,,,,,,,,,
FreeStyle LibreLink,1B3C5D7E-2A4F-4C11-9E02-77A1D3F0B8C6,10-03-2026 09:45,0,112,,,,,,,,,,,,,,
FreeStyle LibreLink,1B3C5D7E-2A4F-4C11-9E02-77A1D3F0B8C6,10-03-2026 10:00,0,108,,,,,,,,,,,,,,
FreeStyle LibreLink,1B3C5D7E-2A4F-4C11-9E02-77A1D3F0B8C6,10-03-2026 10:15,0,108,,,,,,,,,,,,,,
FreeStyle LibreLink,1B3C5D7E-2A4F-4C11-9E02-77A1D3F0B8C6,10-03-2026 10:30,0,106,,,,,,,,,,,,,,
FreeStyle LibreLink,1B3C5D7E-2A4F-4C11-9E02-77A1D3F0B8C6,10-03-2026 10:45,0,105,,,,,,,,,,,,,,
FreeStyle LibreLink,1B3C5D7E-2A4F-4C11-9E02-77A1D3F0B8C6,10-03-2026 11:00,0,105,,,,,,,,,,,,,,
FreeStyle LibreLink,1B3C5D7E-2A4F-4C11-9E02-77A1D3F0B8C6,10-03-2026 11:15,0,102,,,,,,,,,,,,,,
FreeStyle LibreLink,1B3C5D7E-2A4F-4C11-9E02-77A1D3F0B8C6,10-03-2026 11:30,0,104,,,,,,,,,,,,,,
FreeStyle LibreLink,1B3C5D7E-2A4F-4C11-9E02-77A1D3F0B8C6,10-03-2026 11:45,0,102,,,,,,,,,,,,,,
FreeStyle LibreLink,1B3C5D7E-2A4F-4C11-9E02-77A1D3F0B8C6,10-03-2026 12:00,0,105,,,,,,,,,,,,,,
FreeStyle LibreLink,1B3C5D7E-2A4F-4C11-9E02-77A1D3F0B8C6,10-03-2026 12:15,0,103,,,,,,,,,,,,,,
FreeStyle LibreLink,1B3C5D7E-2A4F-4C11-9E02-77A1D3F0B8C6,10-03-2026 12:30,0,104,,,,,,,,,,,,,,
FreeStyle LibreLink,1B3C5D7E-2A4F-4C11-9E02-77A1D3F0B8C6,10-03-2026 12:45,0,131,,,,,,,,,,,,,,
FreeStyle LibreLink,1B3C5D7E-2A4F-4C11-9E02-77A1D3F0B8C6,10-03-2026 13:00,0,168,,,,,,,,,,,,,,
FreeStyle LibreLink,1B3C5D7E-2A4F-4C11-9E02-77A1D3F0B8C6,10-03-2026 13:15,0,185,,,,,,,,,,,,,,
FreeStyle LibreLink,1B3C5D7E-2A4F-4C11-9E02-77A1D3F0B8C6,10-03-2026 13:30,0,189,,,,,,,,,,,,,,
FreeStyle LibreLink,1B3C5D7E-2A4F-4C11-9E02-77A1D3F0B8C6,10-03-2026 13:45,0,179,,,,,,,,,,,,,,
FreeStyle LibreLink,1B3C5D7E-2A4F-4C11-9E02-77A1D3F0B8C6,10-03-2026 14:00,0,168,,,,,,,,,,,,,,
FreeStyle LibreLink,1B3C5D7E-2A4F-4C11-9E02-77A1D3F0B8C6,10-03-2026 14:15,0,154,,,,,,,,,,,,,,
FreeStyle LibreLink,1B3C5D7E-2A4F-4C11-9E02-77A1D3F0B8C6,10-03-2026 14:30,0,141,,,,,,,,,,,,,,
FreeStyle LibreLink,1B3C5D7E-2A4F-4C11-9E02-77A1D3F0B8C6,10-03-2026 14:45,0,128,,,,,,,,,,,,,,
FreeStyle LibreLink,1B3C5D7E-2A4F-4C11-9E02-77A1D3F0B8C6,10-03-2026 15:00,0,121,,,,,,,,,,,,,,
FreeStyle LibreLink,1B3C5D7E-2A4F-4C11-9E02-77A1D3F0B8C6,10-03-2026 15:15,0,115,,,,,,,,,,,,,,
FreeStyle LibreLink,1B3C5D7E-2A4F-4C11-9E02-77A1D3F0B8C6,10-03-2026 15:30,0,112,,,,,,,,,,,,,,
FreeStyle LibreLink,1B3C5D7E-2A4F-4C11-9E02-77A1D3F0B8C6,10-03-2026 15:45,0,106,,,,,,,,,,,,,,
FreeStyle LibreLink,1B3C5D7E-2A4F-4C11-9E02-77A1D3F0B8C6,10-03-2026 16:00,0,104,,,,,,,,,,,,,,
FreeStyle LibreLink,1B3C5D7E-2A4F-4C11-9E02-77A1D3F0B8C6,10-03-2026 16:15,0,102,,,,,,,,,,,,,,
FreeStyle LibreLink,1B3C5D7E-2A4F-4C11-9E02-77A1D3F0B8C6,10-03-2026 16:30,0,100,,,,,,,,,,,,,,
FreeStyle LibreLink,1B3C5D7E-2A4F-4C11-9E02-77A1D3F0B8C6,10-03-2026 16:45,0,99,,,,,,,,,,,,,,
FreeStyle LibreLink,1B3C5D7E-2A4F-4C11-9E02-77A1D3F0B8C6,10-03-2026 17:00,0,98,,,,,,,,,,,,,,
FreeStyle LibreLink,1B3C5D7E-2A4F-4C11-9E02-77A1D3F0B8C6,10-03-2026 17:15,0,96,,,,,,,,,,,,,,
FreeStyle LibreLink,1B3C5D7E-2A4F-4C11-9E02-77A1D3F0B8C6,10-03-2026 17:30,0,94,,,,,,,,,,,,,,
FreeStyle LibreLink,1B3C5D7E-2A4F-4C11-9E02-77A1D3F0B8C6,10-03-2026 17:45,0,93,,,,,,,,,,,,,,
FreeStyle LibreLink,1B3C5D7E-2A4F-4C11-9E02-77A1D3F0B8C6,10-03-2026 18:00,0,94,,,,,,,,,,,,,,
FreeStyle LibreLink,1B3C5D7E-2A4F-4C11-9E02-77A1D3F0B8C6,10-03-2026 18:15,0,96,,,,,,,,,,,,,,
FreeStyle LibreLink,1B3C5D7E-2A4F-4C11-9E02-77A1D3F0B8C6,10-03-2026 18:30,0,96,,,,,,,,,,,,,,
FreeStyle LibreLink,1B3C5D7E-2A4F-4C11-9E02-77A1D3F0B8C6,10-03-2026 18:45,0,96,,,,,,,,,,,,,,
FreeStyle LibreLink,1B3C5D7E-2A4F-4C11-9E02-77A1D3F0B8C6,10-03-2026 19:00,0,96,,,,,,,,,,,,,,
FreeStyle LibreLink,1B3C5D7E-2A4F-4C11-9E02-77A1D3F0B8C6,10-03-2026 19:15,0,112,,,,,,,,,,,,,,
FreeStyle LibreLink,1B3C5D7E-2A4F-4C11-9E02-77A1D3F0B8C6,10-03-2026 19:30,0,135,,,,,,,,,,,,,,
FreeStyle LibreLink,1B3C5D7E-2A4F-4C11-9E02-77A1D3F0B8C6,10-03-2026 19:45,0,150,,,,,,,,,,,,,,
FreeStyle LibreLink,1B3C5D7E-2A4F-4C11-9E02-77A1D3F0B8C6,10-03-2026 20:00,0,155,,,,,,,,,,,,,,
FreeStyle LibreLink,1B3C5D7E-2A4F-4C11-9E02-77A1D3F0B8C6,10-03-2026 20:15,0,150,,,,,,,,,,,,,,
FreeStyle LibreLink,1B3C5D7E-2A4F-4C11-9E02-77A1D3F0B8C6,10-03-2026 20:30,0,140,,,,,,,,,,,,,,
FreeStyle LibreLink,1B3C5D7E-2A4F-4C11-9E02-77A1D3F0B8C6,10-03-2026 20:45,0,134,,,,,,,,,,,,,,
FreeStyle LibreLink,1B3C5D7E-2A4F-4C11-9E02-77A1D3F0B8C6,10-03-2026 21:00,0,125,,,,,,,,,,,,,,
FreeStyle LibreLink,1B3C5D7E-2A4F-4C11-9E02-77A1D3F0B8C6,10-03-2026 21:15,0,118,,,,,,,,,,,,,,
FreeStyle LibreLink,1B3C5D7E-2A4F-4C11-9E02-77A1D3F0B8C6,10-03-2026 21:30,0,111,,,,,,,,,,,,,,
FreeStyle LibreLink,1B3C5D7E-2A4F-4C11-9E02-77A1D3F0B8C6,10-03-2026 21:45,0,103,,,,,,,,,,,,,,
FreeStyle LibreLink,1B3C5D7E-2A4F-4C11-9E02-77A1D3F0B8C6,10-03-2026 22:00,0,103,,,,,,,,,,,,,,
FreeStyle LibreLink,1B3C5D7E-2A4F-4C11-9E02-77A1D3F0B8C6,10-03-2026 22:15,0,101,,,,,,,,,,,,,,
FreeStyle LibreLink,1B3C5D7E-2A4F-4C11-9E02-77A1D3F0B8C6,10-03-2026 22:30,0,97,,,,,,,,,,,,,,
FreeStyle LibreLink,1B3C5D7E-2A4F-4C11-9E02-77A1D3F0B8C6,10-03-2026 22:45,0,96,,,,,,,,,,,,,,
FreeStyle LibreLink,1B3C5D7E-2A4F-4C11-9E02-77A1D3F0B8C6,10-03-2026 23:00,0,94,,,,,,,,,,,,,,
FreeStyle LibreLink,1B3C5D7E-2A4F-4C11-9E02-77A1D3F0B8C6,10-03-2026 23:15,0,91,,,,,,,,,,,,,,
FreeStyle LibreLink,1B3C5D7E-2A4F-4C11-9E02-77A1D3F0B8C6,10-03-2026 23:30,0,90,,,,,,,,,,,,,,
FreeStyle LibreLink,1B3C5D7E-2A4F-4C11-9E02-77A1D3F0B8C6,10-03-2026 23:45,0,90,,,,,,,,,,,,,,
FreeStyle LibreLink,1B3C5D7E-2A4F-4C11-9E02-77A1D3F0B8C6,10-04-2026 00:00,0,88,,,,,,,,,,,,,,
FreeStyle LibreLink,1B3C5D7E-2A4F-4C11-9E02-77A1D3F0B8C6,10-04-2026 00:15,0,89,,,,,,,,,,,,,,
FreeStyle LibreLink,1B3C5D7E-2A4F-4C11-9E02-77A1D3F0B8C6,10-04-2026 00:30,0,88,,,,,,,,,,,,,,
FreeStyle LibreLink,1B3C5D7E-2A4F-4C11-9E02-77A1D3F0B8C6,10-04-2026 00:45,0,90,,,,,,,,,,,,,,
FreeStyle LibreLink,1B3C5D7E-2A4F-4C11-9E02-77A1D3F0B8C6,10-04-2026 01:00,0,88,,,,,,,,,,,,,,
FreeStyle LibreLink,1B3C5D7E-2A4F-4C11-9E02-77A1D3F0B8C6,10-04-2026 01:15,0,89,,,,,,,,,,,,,,
FreeStyle LibreLink,1B3C5D7E-2A4F-4C11-9E02-77A1D3F0B8C6,10-04-2026 01:30,0,90,,,,,,,,,,,,,,
FreeStyle LibreLink,1B3C5D7E-2A4F-4C11-9E02-77A1D3F0B8C6,10-04-2026 01:45,0,89,,,,,,,,,,,,,,
FreeStyle LibreLink,1B3C5D7E-2A4F-4C11-9E02-77A1D3F0B8C6,10-04-2026 02:00,0,86,,,,,,,,,,,,,,
FreeStyle LibreLink,1B3C5D7E-2A4F-4C11-9E02-77A1D3F0B8C6,10-04-2026 02:15,0,86,,,,,,,,,,,,,,
FreeStyle LibreLink,1B3C5D7E-2A4F-4C11-9E02-77A1D3F0B8C6,10-04-2026 02:30,0,87,,,,,,,,,,,,,,
FreeStyle LibreLink,1B3C5D7E-2A4F-4C11-9E02-77A1D3F0B8C6,10-04-2026 02:45,0,89,,,,,,,,,,,,,,
FreeStyle LibreLink,1B3C5D7E-2A4F-4C11-9E02-77A1D3F0B8C6,10-04-2026 03:00,0,92,,,,,,,,,,,,,,
FreeStyle LibreLink,1B3C5D7E-2A4F-4C11-9E02-77A1D3F0B8C6,10-04-2026 03:15,0,90,,,,,,,,,,,,,,
FreeStyle LibreLink,1B3C5D7E-2A4F-4C11-9E02-77A1D3F0B8C6,10-04-2026 03:30,0,90,,,,,,,,,,,,,,
FreeStyle LibreLink,1B3C5D7E-2A4F-4C11-9E02-77A1D3F0B8C6,10-04-2026 03:45,0,92,,,,,,,,,,,,,,
FreeStyle LibreLink,1B3C5D7E-2A4F-4C11-9E02-77A1D3F0B8C6,10-04-2026 04:00,0,92,,,,,,,,,,,,,,
FreeStyle LibreLink,1B3C5D7E-2A4F-4C11-9E02-77A1D3F0B8C6,10-04-2026 04:15,0,88,,,,,,,,,,,,,,
FreeStyle LibreLink,1B3C5D7E-2A4F-4C11-9E02-77A1D3F0B8C6,10-04-2026 04:30,0,91,,,,,,,,,,,,,,
FreeStyle LibreLink,1B3C5D7E-2A4F-4C11-9E02-77A1D3F0B8C6,10-04-2026 04:45,0,96,,,,,,,,,,,,,,
FreeStyle LibreLink,1B3C5D7E-2A4F-4C11-9E02-77A1D3F0B8C6,10-04-2026 05:00,0,97,,,,,,,,,,,,,,
FreeStyle LibreLink,1B3C5D7E-2A4F-4C11-9E02-77A1D3F0B8C6,10-04-2026 05:15,0,94,,,,,,,,,,,,,,
FreeStyle LibreLink,1B3C5D7E-2A4F-4C11-9E02-77A1D3F0B8C6,10-04-2026 05:30,0,94,,,,,,,,,,,,,,
FreeStyle LibreLink,1B3C5D7E-2A4F-4C11-9E02-77A1D3F0B8C6,10-04-2026 05:45,0,95,,,,,,,,,,,,,,
FreeStyle LibreLink,1B3C5D7E-2A4F-4C11-9E02-77A1D3F0B8C6,10-04-2026 06:00,0,99,,,,,,,,,,,,,,
FreeStyle LibreLink,1B3C5D7E-2A4F-4C11-9E02-77A1D3F0B8C6,10-04-2026 06:15,0,99,,,,,,,,,,,,,,
FreeStyle LibreLink,1B3C5D7E-2A4F-4C11-9E02-77A1D3F0B8C6,10-04-2026 06:30,0,98,,,,,,,,,,,,,,
FreeStyle LibreLink,1B3C5D7E-2A4F-4C11-9E02-77A1D3F0B8C6,10-04-2026 06:45,0,100,,,,,,,,,,,,,,
FreeStyle LibreLink,1B3C5D7E-2A4F-4C11-9E02-77A1D3F0B8C6,10-04-2026 07:00,0,99,,,,,,,,,,,,,,
FreeStyle LibreLink,1B3C5D7E-2A4F-4C11-9E02-77A1D3F0B8C6,10-04-2026 07:15,0,101,,,,,,,,,,,,,,
FreeStyle LibreLink,1B3C5D7E-2A4F-4C11-9E02-77A1D3F0B8C6,10-04-2026 07:30,0,99,,,,,,,,,,,,,,
FreeStyle LibreLink,1B3C5D7E-2A4F-4C11-9E02-77A1D3F0B8C6,10-04-2026 07:45,0,107,,,,,,,,,,,,,,
FreeStyle LibreLink,1B3C5D7E-2A4F-4C11-9E02-77A1D3F0B8C6,10-04-2026 08:00,0,118,,,,,,,,,,,,,,
FreeStyle LibreLink,1B3C5D7E-2A4F-4C11-9E02-77A1D3F0B8C6,10-04-2026 08:15,0,123,,,,,,,,,,,,,,
FreeStyle LibreLink,1B3C5D7E-2A4F-4C11-9E02-77A1D3F0B8C6,10-04-2026 08:30,0,121,,,,,,,,,,,,,,
FreeStyle LibreLink,1B3C5D7E-2A4F-4C11-9E02-77A1D3F0B8C6,10-04-2026 08:45,0,117,,,,,,,,,,,,,,
FreeStyle LibreLink,1B3C5D7E-2A4F-4C11-9E02-77A1D3F0B8C6,10-04-2026 09:00,0,109,,,,,,,,,,,,,,
FreeStyle LibreLink,1B3C5D7E-2A4F-4C11-9E02-77A1D3F0B8C6,10-04-2026 09:15,0,106,,,,,,,,,,,,,,
FreeStyle LibreLink,1B3C5D7E-2A4F-4C11-9E02-77A1D3F0B8C6,10-04-2026 09:30,0,103,,,,,,,,,,,,,,
FreeStyle LibreLink,1B3C5D7E-2A4F-4C11-9E02-77A1D3F0B8C6,10-04-2026 09:45,0,101,,,,,,,,,,,,,,
FreeStyle LibreLink,1B3C5D7E-2A4F-4C11-9E02-77A1D3F0B8C6,10-04-2026 10:00,0,102,,,,,,,,,,,,,,
FreeStyle LibreLink,1B3C5D7E-2A4F-4C11-9E02-77A1D3F0B8C6,10-04-2026 10:15,0,101,,,,,,,,,,,,,,
FreeStyle LibreLink,1B3C5D7E-2A4F-4C11-9E02-77A1D3F0B8C6,10-04-2026 10:30,0,102,,,,,,,,,,,,,,
FreeStyle LibreLink,1B3C5D7E-2A4F-4C11-9E02-77A1D3F0B8C6,10-04-2026 10:45,0,101,,,,,,,,,,,,,,
FreeStyle LibreLink,1B3C5D7E-2A4F-4C11-9E02-77A1D3F0B8C6,10-04-2026 11:00,0,100,,,,,,,,,,,,,,
FreeStyle LibreLink,1B3C5D7E-2A4F-4C11-9E02-77A1D3F0B8C6,10-04-2026 11:15,0,100,,,,,,,,,,,,,,
FreeStyle LibreLink,1B3C5D7E-2A4F-4C11-9E02-77A1D3F0B8C6,10-04-2026 11:30,0,101,,,,,,,,,,,,,,
FreeStyle LibreLink,1B3C5D7E-2A4F-4C11-9E02-77A1D3F0B8C6,10-04-2026 11:45,0,102,,,,,,,,,,,,,,
FreeStyle LibreLink,1B3C5D7E-2A4F-4C11-9E02-77A1D3F0B8C6,10-04-2026 12:00,0,100,,,,,,,,,,,,,,
FreeStyle LibreLink,1B3C5D7E-2A4F-4C11-9E02-77A1D3F0B8C6,10-04-2026 12:15,0,99,,,,,,,,,,,,,,
FreeStyle LibreLink,1B3C5D7E-2A4F-4C11-9E02-77A1D3F0B8C6,10-04-2026 12:30,0,97,,,,,,,,,,,,,,
FreeStyle LibreLink,1B3C5D7E-2A4F-4C11-9E02-77A1D3F0B8C6,10-04-2026 12:45,0,111,,,,,,,,,,,,,,
FreeStyle LibreLink,1B3C5D7E-2A4F-4C11-9E02-77A1D3F0B8C6,10-04-2026 13:00,0,124,,,,,,,,,,,,,,
FreeStyle LibreLink,1B3C5D7E-2A4F-4C11-9E02-77A1D3F0B8C6,10-04-2026 13:15,0,125,,,,,,,,,,,,,,
FreeStyle LibreLink,1B3C5D7E-2A4F-4C11-9E02-77A1D3F0B8C6,10-04-2026 13:30,0,122,,,,,,,,,,,,,,
FreeStyle LibreLink,1B3C5D7E-2A4F-4C11-9E02-77A1D3F0B8C6,10-04-2026 13:45,0,115,,,,,,,,,,,,,,
FreeStyle LibreLink,1B3C5D7E-2A4F-4C11-9E02-77A1D3F0B8C6,10-04-2026 14:00,0,111,,,,,,,,,,,,,,
FreeStyle LibreLink,1B3C5D7E-2A4F-4C11-9E02-77A1D3F0B8C6,10-04-2026 14:15,0,107,,,,,,,,,,,,,,
FreeStyle LibreLink,1B3C5D7E-2A4F-4C11-9E02-77A1D3F0B8C6,10-04-2026 14:30,0,107,,,,,,,,,,,,,,
FreeStyle LibreLink,1B3C5D7E-2A4F-4C11-9E02-77A1D3F0B8C6,10-04-2026 14:45,0,103,,,,,,,,,,,,,,
FreeStyle LibreLink,1B3C5D7E-2A4F-4C11-9E02-77A1D3F0B8C6,10-04-2026 15:00,0,99,,,,,,,,,,,,,,
FreeStyle LibreLink,1B3C5D7E-2A4F-4C11-9E02-77A1D3F0B8C6,10-04-2026 15:15,0,94,,,,,,,,,,,,,,
FreeStyle LibreLink,1B3C5D7E-2A4F-4C11-9E02-77A1D3F0B8C6,10-04-2026 15:30,0,97,,,,,,,,,,,,,,
FreeStyle LibreLink,1B3C5D7E-2A4F-4C11-9E02-77A1D3F0B8C6,10-04-2026 15:45,0,96,,,,,,,,,,,,,,
FreeStyle LibreLink,1B3C5D7E-2A4F-4C11-9E02-77A1D3F0B8C6,10-04-2026 16:00,0,93,,,,,,,,,,,,,,
FreeStyle LibreLink,1B3C5D7E-2A4F-4C11-9E02-77A1D3F0B8C6,10-04-2026 16:15,0,93,,,,,,,,,,,,,,
FreeStyle LibreLink,1B3C5D7E-2A4F-4C11-9E02-77A1D3F0B8C6,10-04-2026 16:30,0,91,,,,,,,,,,,,,,
FreeStyle LibreLink,1B3C5D7E-2A4F-4C11-9E02-77A1D3F0B8C6,10-04-2026 16:45,0,97,,,,,,,,,,,,,,
FreeStyle LibreLink,1B3C5D7E-2A4F-4C11-9E02-77A1D3F0B8C6,10-04-2026 17:00,0,97,,,,,,,,,,,,,,
FreeStyle LibreLink,1B3C5D7E-2A4F-4C11-9E02-77A1D3F0B8C6,10-04-2026 17:15,0,96,,,,,,,,,,,,,,
FreeStyle LibreLink,1B3C5D7E-2A4F-4C11-9E02-77A1D3F0B8C6,10-04-2026 17:30,0,94,,,,,,,,,,,,,,
FreeStyle LibreLink,1B3C5D7E-2A4F-4C11-9E02-77A1D3F0B8C6,10-04-2026 17:45,0,89,,,,,,,,,,,,,,
FreeStyle LibreLink,1B3C5D7E-2A4F-4C11-9E02-77A1D3F0B8C6,10-04-2026 18:00,0,90,,,,,,,,,,,,,,
FreeStyle LibreLink,1B3C5D7E-2A4F-4C11-9E02-77A1D3F0B8C6,10-04-2026 18:15,0,87,,,,,,,,,,,,,,
FreeStyle LibreLink,1B3C5D7E-2A4F-4C11-9E02-77A1D3F0B8C6,10-04-2026 18:30,0,89,,,,,,,,,,,,,,
FreeStyle LibreLink,1B3C5D7E-2A4F-4C11-9E02-77A1D3F0B8C6,10-04-2026 18:45,0,86,,,,,,,,,,,,,,
FreeStyle LibreLink,1B3C5D7E-2A4F-4C11-9E02-77A1D3F0B8C6,10-04-2026 19:00,0,86,,,,,,,,,,,,,,
FreeStyle LibreLink,1B3C5D7E-2A4F-4C11-9E02-77A1D3F0B8C6,10-04-2026 19:15,0,105,,,,,,,,,,,,,,
FreeStyle LibreLink,1B3C5D7E-2A4F-4C11-9E02-77A1D3F0B8C6,10-04-2026 19:30,0,130,,,,,,,,,,,,,,
FreeStyle LibreLink,1B3C5D7E-2A4F-4C11-9E02-77A1D3F0B8C6,10-04-2026 19:45,0,138,,,,,,,,,,,,,,
FreeStyle LibreLink,1B3C5D7E-2A4F-4C11-9E02-77A1D3F0B8C6,10-04-2026 20:00,0,137,,,,,,,,,,,,,,
FreeStyle LibreLink,1B3C5D7E-2A4F-4C11-9E02-77A1D3F0B8C6,10-04-2026 20:15,0,134,,,,,,,,,,,,,,
FreeStyle LibreLink,1B3C5D7E-2A4F-4C11-9E02-77A1D3F0B8C6,10-04-2026 20:30,0,128,,,,,,,,,,,,,,
FreeStyle LibreLink,1B3C5D7E-2A4F-4C11-9E02-77A1D3F0B8C6,10-04-2026 20:45,0,117,,,,,,,,,,,,,,
FreeStyle LibreLink,1B3C5D7E-2A4F-4C11-9E02-77A1D3F0B8C6,10-04-2026 21:00,0,109,,,,,,,,,,,,,,
FreeStyle LibreLink,1B3C5D7E-2A4F-4C11-9E02-77A1D3F0B8C6,10-04-2026 21:15,0,102,,,,,,,,,,,,,,
FreeStyle LibreLink,1B3C5D7E-2A4F-4C11-9E02-77A1D3F0B8C6,10-04-2026 21:30,0,96,,,,,,,,,,,,,,
FreeStyle LibreLink,1B3C5D7E-2A4F-4C11-9E02-77A1D3F0B8C6,10-04-2026 21:45,0,92,,,,,,,,,,,,,,
FreeStyle LibreLink,1B3C5D7E-2A4F-4C11-9E02-77A1D3F0B8C6,10-04-2026 22:00,0,92,,,,,,,,,,,,,,
FreeStyle LibreLink,1B3C5D7E-2A4F-4C11-9E02-77A1D3F0B8C6,10-04-2026 22:15,0,91,,,,,,,,,,,,,,
FreeStyle LibreLink,1B3C5D7E-2A4F-4C11-9E02-77A1D3F0B8C6,10-04-2026 22:30,0,93,,,,,,,,,,,,,,
FreeStyle LibreLink,1B3C5D7E-2A4F-4C11-9E02-77A1D3F0B8C6,10-04-2026 22:45,0,90,,,,,,,,,,,,,,
FreeStyle LibreLink,1B3C5D7E-2A4F-4C11-9E02-77A1D3F0B8C6,10-04-2026 23:00,0,88,,,,,,,,,,,,,,
FreeStyle LibreLink,1B3C5D7E-2A4F-4C11-9E02-77A1D3F0B8C6,10-04-2026 23:15,0,86,,,,,,,,,,,,,,
FreeStyle LibreLink,1B3C5D7E-2A4F-4C11-9E02-77A1D3F0B8C6,10-04-2026 23:30,0,86,,,,,,,,,,,,,,
FreeStyle LibreLink,1B3C5D7E-2A4F-4C11-9E02-77A1D3F0B8C6,10-04-2026 23:45,0,84,,,,,,,,,,,,,,
FreeStyle LibreLink,1B3C5D7E-2A4F-4C11-9E02-77A1D3F0B8C6,10-05-2026 00:00,0,89,,,,,,,,,,,,,,
FreeStyle LibreLink,1B3C5D7E-2A4F-4C11-9E02-77A1D3F0B8C6,10-05-2026 00:15,0,92,,,,,,,,,,,,,,
FreeStyle LibreLink,1B3C5D7E-2A4F-4C11-9E02-77A1D3F0B8C6,10-05-2026 00:30,0,95,,,,,,,,,,,,,,
FreeStyle LibreLink,1B3C5D7E-2A4F-4C11-9E02-77A1D3F0B8C6,10-05-2026 00:45,0,96,,,,,,,,,,,,,,
FreeStyle LibreLink,1B3C5D7E-2A4F-4C11-9E02-77A1D3F0B8C6,10-05-2026 01:00,0,97,,,,,,,,,,,,,,
FreeStyle LibreLink,1B3C5D7E-2A4F-4C11-9E02-77A1D3F0B8C6,10-05-2026 01:15,0,97,,,,,,,,,,,,,,
FreeStyle LibreLink,1B3C5D7E-2A4F-4C11-9E02-77A1D3F0B8C6,10-05-2026 01:30,0,95,,,,,,,,,,,,,,
FreeStyle LibreLink,1B3C5D7E-2A4F-4C11-9E02-77A1D3F0B8C6,10-05-2026 01:45,0,95,,,,,,,,,,,,,,
FreeStyle LibreLink,1B3C5D7E-2A4F-4C11-9E02-77A1D3F0B8C6,10-05-2026 02:00,0,95,,,,,,,,,,,,,,
FreeStyle LibreLink,1B3C5D7E-2A4F-4C11-9E02-77A1D3F0B8C6,10-05-2026 02:15,0,93,,,,,,,,,,,,,,
FreeStyle LibreLink,1B3C5D7E-2A4F-4C11-9E02-77A1D3F0B8C6,10-05-2026 02:30,0,92,,,,,,,,,,,,,,
FreeStyle LibreLink,1B3C5D7E-2A4F-4C11-9E02-77A1D3F0B8C6,10-05-2026 02:45,0,91,,,,,,,,,,,,,,
FreeStyle LibreLink,1B3C5D7E-2A4F-4C11-9E02-77A1D3F0B8C6,10-05-2026 03:00,0,94,,,,,,,,,,,,,,
FreeStyle LibreLink,1B3C5D7E-2A4F-4C11-9E02-77A1D3F0B8C6,10-05-2026 03:15,0,95,,,,,,,,,,,,,,
FreeStyle LibreLink,1B3C5D7E-2A4F-4C11-9E02-77A1D3F0B8C6,10-05-2026 03:30,0,96,,,,,,,,,,,,,,
FreeStyle LibreLink,1B3C5D7E-2A4F-4C11-9E02-77A1D3F0B8C6,10-05-2026 03:45,0,99,,,,,,,,,,,,,,
FreeStyle LibreLink,1B3C5D7E-2A4F-4C11-9E02-77A1D3F0B8C6,10-05-2026 04:00,0,99,,,,,,,,,,,,,,
FreeStyle LibreLink,1B3C5D7E-2A4F-4C11-9E02-77A1D3F0B8C6,10-05-2026 04:15,0,100,,,,,,,,,,,,,,
FreeStyle LibreLink,1B3C5D7E-2A4F-4C11-9E02-77A1D3F0B8C6,10-05-2026 04:30,0,102,,,,,,,,,,,,,,
FreeStyle LibreLink,1B3C5D7E-2A4F-4C11-9E02-77A1D3F0B8C6,10-05-2026 04:45,0,100,,,,,,,,,,,,,,
FreeStyle LibreLink,1B3C5D7E-2A4F-4C11-9E02-77A1D3F0B8C6,10-05-2026 05:00,0,97,,,,,,,,,,,,,,
FreeStyle LibreLink,1B3C5D7E-2A4F-4C11-9E02-77A1D3F0B8C6,10-05-2026 05:15,0,100,,,,,,,,,,,,,,
FreeStyle LibreLink,1B3C5D7E-2A4F-4C11-9E02-77A1D3F0B8C6,10-05-2026 05:30,0,99,,,,,,,,,,,,,,
FreeStyle LibreLink,1B3C5D7E-2A4F-4C11-9E02-77A1D3F0B8C6,10-05-2026 05:45,0,103,,,,,,,,,,,,,,
FreeStyle LibreLink,1B3C5D7E-2A4F-4C11-9E02-77A1D3F0B8C6,10-05-2026 06:00,0,103,,,,,,,,,,,,,,
FreeStyle LibreLink,1B3C5D7E-2A4F-4C11-9E02-77A1D3F0B8C6,10-05-2026 06:15,0,105,,,,,,,,,,,,,,
FreeStyle LibreLink,1B3C5D7E-2A4F-4C11-9E02-77A1D3F0B8C6,10-05-2026 06:30,0,105,,,,,,,,,,,,,,
FreeStyle LibreLink,1B3C5D7E-2A4F-4C11-9E02-77A1D3F0B8C6,10-05-2026 06:45,0,101,,,,,,,,,,,,,,
FreeStyle LibreLink,1B3C5D7E-2A4F-4C11-9E02-77A1D3F0B8C6,10-05-2026 07:00,0,104,,,,,,,,,,,,,,
FreeStyle LibreLink,1B3C5D7E-2A4F-4C11-9E02-77A1D3F0B8C6,10-05-2026 07:15,0,103,,,,,,,,,,,,,,
FreeStyle LibreLink,1B3C5D7E-2A4F-4C11-9E02-77A1D3F0B8C6,10-05-2026 07:30,0,102,,,,,,,,,,,,,,
FreeStyle LibreLink,1B3C5D7E-2A4F-4C11-9E02-77A1D3F0B8C6,10-05-2026 07:45,0,119,,,,,,,,,,,,,,
FreeStyle LibreLink,1B3C5D7E-2A4F-4C11-9E02-77A1D3F0B8C6,10-05-2026 08:00,0,141,,,,,,,,,,,,,,
FreeStyle LibreLink,1B3C5D7E-2A4F-4C11-9E02-77A1D3F0B8C6,10-05-2026 08:15,0,151,,,,,,,,,,,,,,
FreeStyle LibreLink,1B3C5D7E-2A4F-4C11-9E02-77A1D3F0B8C6,10-05-2026 08:30,0,152,,,,,,,,,,,,,,
FreeStyle LibreLink,1B3C5D7E-2A4F-4C11-9E02-77A1D3F0B8C6,10-05-2026 08:45,0,142,,,,,,,,,,,,,,
FreeStyle LibreLink,1B3C5D7E-2A4F-4C11-9E02-77A1D3F0B8C6,10-05-2026 09:00,0,134,,,,,,,,,,,,,,
FreeStyle LibreLink,1B3C5D7E-2A4F-4C11-9E02-77A1D3F0B8C6,10-05-2026 09:15,0,123,,,,,,,,,,,,,,
FreeStyle LibreLink,1B3C5D7E-2A4F-4C11-9E02-77A1D3F0B8C6,10-05-2026 09:30,0,119,,,,,,,,,,,,,,
FreeStyle LibreLink,1B3C5D7E-2A4F-4C11-9E02-77A1D3F0B8C6,10-05-2026 09:45,0,117,,,,,,,,,,,,,,
FreeStyle LibreLink,1B3C5D7E-2A4F-4C11-9E02-77A1D3F0B8C6,10-05-2026 10:00,0,112,,,,,,,,,,,,,,
FreeStyle LibreLink,1B3C5D7E-2A4F-4C11-9E02-77A1D3F0B8C6,10-05-2026 10:15,0,111,,,,,,,,,,,,,,
FreeStyle LibreLink,1B3C5D7E-2A4F-4C11-9E02-77A1D3F0B8C6,10-05-2026 10:30,0,110,,,,,,,,,,,,,,
FreeStyle LibreLink,1B3C5D7E-2A4F-4C11-9E02-77A1D3F0B8C6,10-05-2026 10:45,0,111,,,,,,,,,,,,,,
FreeStyle LibreLink,1B3C5D7E-2A4F-4C11-9E02-77A1D3F0B8C6,10-05-2026 11:00,0,108,,,,,,,,,,,,,,
FreeStyle LibreLink,1B3C5D7E-2A4F-4C11-9E02-77A1D3F0B8C6,10-05-2026 11:15,0,106,,,,,,,,,,,,,,
FreeStyle LibreLink,1B3C5D7E-2A4F-4C11-9E02-77A1D3F0B8C6,10-05-2026 11:30,0,105,,,,,,,,,,,,,,
FreeStyle LibreLink,1B3C5D7E-2A4F-4C11-9E02-77A1D3F0B8C6,10-05-2026 11:45,0,109,,,,,,,,,,,,,,
FreeStyle LibreLink,1B3C5D7E-2A4F-4C11-9E02-77A1D3F0B8C6,10-05-2026 12:00,0,110,,,,,,,,,,,,,,
FreeStyle LibreLink,1B3C5D7E-2A4F-4C11-9E02-77A1D3F0B8C6,10-05-2026 12:15,0,108,,,,,,,,,,,,,,
FreeStyle LibreLink,1B3C5D7E-2A4F-4C11-9E02-77A1D3F0B8C6,10-05-2026 12:30,0,108,,,,,,,,,,,,,,
FreeStyle LibreLink,1B3C5D7E-2A4F-4C11-9E02-77A1D3F0B8C6,10-05-2026 12:45,0,120,,,,,,,,,,,,,,
FreeStyle LibreLink,1B3C5D7E-2A4F-4C11-9E02-77A1D3F0B8C6,10-05-2026 13:00,0,134,,,,,,,,,,,,,,
FreeStyle LibreLink,1B3C5D7E-2A4F-4C11-9E02-77A1D3F0B8C6,10-05-2026 13:15,0,140,,,,,,,,,,,,,,
FreeStyle LibreLink,1B3C5D7E-2A4F-4C11-9E02-77A1D3F0B8C6,10-05-2026 13:30,0,138,,,,,,,,,,,,,,
FreeStyle LibreLink,1B3C5D7E-2A4F-4C11-9E02-77A1D3F0B8C6,10-05-2026 13:45,0,131,,,,,,,,,,,,,,
FreeStyle LibreLink,1B3C5D7E-2A4F-4C11-9E02-77A1D3F0B8C6,10-05-2026 14:00,0,125,,,,,,,,,,,,,,
FreeStyle LibreLink,1B3C5D7E-2A4F-4C11-9E02-77A1D3F0B8C6,10-05-2026 14:15,0,122,,,,,,,,,,,,,,
FreeStyle LibreLink,1B3C5D7E-2A4F-4C11-9E02-77A1D3F0B8C6,10-05-2026 14:30,0,118,,,,,,,,,,,,,,
FreeStyle LibreLink,1B3C5D7E-2A4F-4C11-9E02-77A1D3F0B8C6,10-05-2026 14:45,0,113,,,,,,,,,,,,,,
FreeStyle LibreLink,1B3C5D7E-2A4F-4C11-9E02-77A1D3F0B8C6,10-05-2026 15:00,0,109,,,,,,,,,,,,,,
FreeStyle LibreLink,1B3C5D7E-2A4F-4C11-9E02-77A1D3F0B8C6,10-05-2026 15:15,0,107,,,,,,,,,,,,,,
FreeStyle LibreLink,1B3C5D7E-2A4F-4C11-9E02-77A1D3F0B8C6,10-05-2026 15:30,0,106,,,,,,,,,,,,,,
FreeStyle LibreLink,1B3C5D7E-2A4F-4C11-9E02-77A1D3F0B8C6,10-05-2026 15:45,0,103,,,,,,,,,,,,,,
FreeStyle LibreLink,1B3C5D7E-2A4F-4C11-9E02-77A1D3F0B8C6,10-05-2026 16:00,0,103,,,,,,,,,,,,,,
FreeStyle LibreLink,1B3C5D7E-2A4F-4C11-9E02-77A1D3F0B8C6,10-05-2026 16:15,0,102,,,,,,,,,,,,,,
FreeStyle LibreLink,1B3C5D7E-2A4F-4C11-9E02-77A1D3F0B8C6,10-05-2026 16:30,0,100,,,,,,,,,,,,,,
FreeStyle LibreLink,1B3C5D7E-2A4F-4C11-9E02-77A1D3F0B8C6,10-05-2026 16:45,0,99,,,,,,,,,,,,,,
FreeStyle LibreLink,1B3C5D7E-2A4F-4C11-9E02-77A1D3F0B8C6,10-05-2026 17:00,0,97,,,,,,,,,,,,,,
FreeStyle LibreLink,1B3C5D7E-2A4F-4C11-9E02-77A1D3F0B8C6,10-05-2026 17:15,0,96,,,,,,,,,,,,,,
FreeStyle LibreLink,1B3C5D7E-2A4F-4C11-9E02-77A1D3F0B8C6,10-05-2026 17:30,0,99,,,,,,,,,,,,,,
FreeStyle LibreLink,1B3C5D7E-2A4F-4C11-9E02-77A1D3F0B8C6,10-05-2026 17:45,0,95,,,,,,,,,,,,,,
FreeStyle LibreLink,1B3C5D7E-2A4F-4C11-9E02-77A1D3F0B8C6,10-05-2026 18:00,0,95,,,,,,,,,,,,,,
FreeStyle LibreLink,1B3C5D7E-2A4F-4C11-9E02-77A1D3F0B8C6,10-05-2026 18:15,0,95,,,,,,,,,,,,,,
FreeStyle LibreLink,1B3C5D7E-2A4F-4C11-9E02-77A1D3F0B8C6,10-05-2026 18:30,0,95,,,,,,,,,,,,,,
FreeStyle LibreLink,1B3C5D7E-2A4F-4C11-9E02-77A1D3F0B8C6,10-05-2026 18:45,0,95,,,,,,,,,,,,,,
FreeStyle LibreLink,1B3C5D7E-2A4F-4C11-9E02-77A1D3F0B8C6,10-05-2026 19:00,0,97,,,,,,,,,,,,,,
FreeStyle LibreLink,1B3C5D7E-2A4F-4C11-9E02-77A1D3F0B8C6,10-05-2026 19:15,0,97,,,,,,,,,,,,,,
FreeStyle LibreLink,1B3C5D7E-2A4F-4C11-9E02-77A1D3F0B8C6,10-05-2026 19:30,0,96,,,,,,,,,,,,,,
FreeStyle LibreLink,1B3C5D7E-2A4F-4C11-9E02-77A1D3F0B8C6,10-05-2026 19:45,0,111,,,,,,,,,,,,,,
FreeStyle LibreLink,1B3C5D7E-2A4F-4C11-9E02-77A1D3F0B8C6,10-05-2026 20:00,0,133,,,,,,,,,,,,,,
FreeStyle LibreLink,1B3C5D7E-2A4F-4C11-9E02-77A1D3F0B8C6,10-05-2026 20:15,0,151,,,,,,,,,,,,,,
FreeStyle LibreLink,1B3C5D7E-2A4F-4C11-9E02-77A1D3F0B8C6,10-05-2026 20:30,0,160,,,,,,,,,,,,,,
FreeStyle LibreLink,1B3C5D7E-2A4F-4C11-9E02-77A1D3F0B8C6,10-05-2026 20:45,0,163,,,,,,,,,,,,,,
FreeStyle LibreLink,1B3C5D7E-2A4F-4C11-9E02-77A1D3F0B8C6,10-05-2026 21:00,0,163,,,,,,,,,,,,,,
FreeStyle LibreLink,1B3C5D7E-2A4F-4C11-9E02-77A1D3F0B8C6,10-05-2026 21:15,0,159,,,,,,,,,,,,,,
FreeStyle LibreLink,1B3C5D7E-2A4F-4C11-9E02-77A1D3F0B8C6,10-05-2026 21:30,0,154,,,,,,,,,,,,,,
FreeStyle LibreLink,1B3C5D7E-2A4F-4C11-9E02-77A1D3F0B8C6,10-05-2026 21:45,0,151,,,,,,,,,,,,,,
FreeStyle LibreLink,1B3C5D7E-2A4F-4C11-9E02-77A1D3F0B8C6,10-05-2026 22:00,0,146,,,,,,,,,,,,,,
FreeStyle LibreLink,1B3C5D7E-2A4F-4C11-9E02-77A1D3F0B8C6,10-05-2026 22:15,0,139,,,,,,,,,,,,,,
FreeStyle LibreLink,1B3C5D7E-2A4F-4C11-9E02-77A1D3F0B8C6,10-05-2026 22:30,0,135,,,,,,,,,,,,,,
FreeStyle LibreLink,1B3C5D7E-2A4F-4C11-9E02-77A1D3F0B8C6,10-05-2026 22:45,0,128,,,,,,,,,,,,,,
FreeStyle LibreLink,1B3C5D7E-2A4F-4C11-9E02-77A1D3F0B8C6,10-05-2026 23:00,0,123,,,,,,,,,,,,,,
FreeStyle LibreLink,1B3C5D7E-2A4F-4C11-9E02-77A1D3F0B8C6,10-05-2026 23:15,0,120,,,,,,,,,,,,,,
FreeStyle LibreLink,1B3C5D7E-2A4F-4C11-9E02-77A1D3F0B8C6,10-05-2026 23:30,0,112,,,,,,,,,,,,,,
FreeStyle LibreLink,1B3C5D7E-2A4F-4C11-9E02-77A1D3F0B8C6,10-05-2026 23:45,0,107,,,,,,,,,,,,,,
